{
  "cse": {
    "codolympics": "Codolympics",
    "yesqueueluck": "YeSQueueLuck",
    "code-relay": "Code Relay",
    "code-inverse": "Code Inverse",
    "techathlon": "Techathlon",
    "paper-presentation": "Paper Presentation",
    "u-n-i": "U 'n' I",
    "hackers-asylum": "Hacker's Asylum",
    "sci-tech-quiz": "Sci-Tech Quiz",
    "meme-time": "Meme Time"
  },
  "it": {
    "appology": "APPology",
    "cryptit": "CryptIT",
    "hired-or-not-hired": "Hired or not Hired",
    "webfx": "WebFX",
    "cup-of-code": "Cup of Code",
    "data-request": "Data ReQuest",
    "code-obfuscation-reverse-coding": "Code Obfuscation and Reverse Coding",
    "paper-presentation": "Paper Presentation",
    "data-analytics-workshop": "Who wants to be a data scientist",
    "call-of-duty": "Call of Duty",
    "smackdown": "WWE SmackDown",
    "fifa-19": "FIFA 19"
  },
  "chem": {
    "pin_it_up": "Pin It Up",
    "paper-presentation": "Paper Presentation",
    "chem-connextions": "ChemConnexions",
    "breaking_bad": "Breaking Bad",
    "autochem": "Auto Chem",
    "stranger_things": "Stranger Things",
    "shadow_of_truth": "Shadow of Truth",
    "house_of_cards": "House of Cards",
    "tiki_taka": "Tiki Taka",
    "mindhunter": "Mind Hunter"
  },
  "mech": {
    "auto-quiz": "Auto Quiz",
    "blitz-gp": "Blitz GP",
    "bottle-rocketrix": "Bottle Rocketrix",
    "mechathlon": "Mechathlon",
    "outdoor-gp": "Nitro GP",
    "paper-presentation": "Paper Presentation",
    "project-exhibition": "Project Exhibition",
    "robo-wars": "Robo Wars",
    "treasure-hunt": "Treasure Hunt",
    "mystery-event": "Mystery Event"
  },
  "eee": {
    "line-follower": "Line Follower",
    "bridge-balancio": "Bridge Balancio",
    "d-sim": "D-SIM",
    "electronic-maze": "Electronic Maze",
    "pandora-box": "Pandora Box",
    "project-display": "Project Display",
    "paper-presentation": "Paper Presentation",
    "ipl-bidding": "IPL Bidding",
    "tentkotta": "Tentkotta",
    "tech-quiz": "Tech Quiz",
    "e-vehicles-and-hybrid-vehicles": "E-Vehicles and Hybrid Vehicles"
  },
  "ece": {
    "paper-presentation": "Paper Presentation",
    "think-d": "Think D",
    "solder-it": "Solder It",
    "make-a-thon": "Make-a-thon",
    "enigma": "Enigma",
    "run-out": "Run-Out",
    "e-treasure-hunt": "E-Treasure Hunt",
    "junkyard-jumble": "Junkyard Jumble",
    "triwizard-tournament": "Triwizard Tournament",
    "trump_the_aces": "Trump the Aces",
    "hackinfinity": "Hackinfinity"
  },
  "bme": {
    "biogonize": "Biogonize",
    "scintelligence": "Scintelligence",
    "biomart": "Biomart",
    "paper-presentation": "Paper Presentation",
    "game-over": "GAME OVER",
    "gizmo-wizard": "Gizmo Wizard",
    "multiverse": "MULTIVERSE",
    "pcb-workshop": "PCB Designing using ALTIUM Designer"
  },
  "civil": {
    "word-rush": "Word Rush",
    "minute-to-win-it": "Minute to win it",
    "call-of-builders": "Call of Builders",
    "arCADe": "arCADe",
    "clash-of-claims": "Clash of Claims",
    "paper-presentation": "Paper Presentation",
    "qureka": "Qureka (quiz)",
    "quote-or-quit": "Quote r Quit",
    "gully-cricket": "The Gully Cricket",
    "soltiare": "Solve-it-aire",
    "dc-marvel-quiz": "DC & MARVEL Quiz",
    "staad-pro": "STAAD.Pro Workshop",
    "music-tiles": "Music Tiles"
  }
}